Table_Annotation,Name,Sequence,Kd_nM,Kd_Error,Kon_M-1s-1,Koff_s-1,T1/2_s,Chi2
"Preliminary scouting (3 conc, 4 measurements)",P24,VDYNPWLLFLRKPKQ,0.16,,,0.0000775,,
"Preliminary scouting (3 conc, 4 measurements)",P23,VDFNPWLLFLKVPAQ,0.244,,,0.000102,,
"Preliminary scouting (3 conc, 4 measurements)",P22,MDFNPWLLFLKVPAQ,0.289,,,0.000138,,
"Preliminary scouting (3 conc, 4 measurements)",P8,VDFNPWLLFLKLPAQ,0.328,,,0.000162,,
"Preliminary scouting (3 conc, 4 measurements)",P10,IDYNPYLLFLKQPKQ,0.367,,,0.000116,,
"Preliminary scouting (3 conc, 4 measurements)",P3,LDFNPWLLFLKLPAQ,0.371,,,0.000164,,
"Preliminary scouting (3 conc, 4 measurements)",P12,MDFNPYLLFLKKPKQ,0.645,,,0.000288,,
"Preliminary scouting (3 conc, 4 measurements)",P15,MDFNPWMLFLKLPAQ,0.839,,,0.000369,,
"Preliminary scouting (3 conc, 4 measurements)",P18,LDFNPYLIFLKMPAQ,0.843,,,0.00033,,
"Preliminary scouting (3 conc, 4 measurements)",P13,MDFNPYLLFLRKPSQ,0.93,,,0.000433,,
"Preliminary scouting (3 conc, 4 measurements)",P17,WDYNPWLLFLRQPQQ,1,,,0.000336,,
"Preliminary scouting (3 conc, 4 measurements)",P9,IDYNPWLLFLTRPQQ,1.07,,,0.000415,,
"Preliminary scouting (3 conc, 4 measurements)",P11,QDYNPYLLFLKKPKQ,1.12,,,0.00053,,
"Preliminary scouting (3 conc, 4 measurements)",P16,YDINPYLLFLKKPQQ,1.25,,,0.000382,,
"Preliminary scouting (3 conc, 4 measurements)",P14,TDYNPWLLFLKQPEQ,1.38,,,0.000516,,
"Preliminary scouting (3 conc, 4 measurements)",P20,QDMNPYLLFLWKPKQ,1.41,,,0.001,,
"Preliminary scouting (3 conc, 4 measurements)",P25,FDFNPYMLLLKLPAQ,1.49,,,0.000516,,
"Preliminary scouting (3 conc, 4 measurements)",P26,LDFNPWFVFLKVPAQ,1.59,,,0.000613,,
"Preliminary scouting (3 conc, 4 measurements)",P21,QDINPYLLFLKRPTQ,1.98,,,0.000791,,
"Preliminary scouting (3 conc, 4 measurements)",P19,FDQNPWLLFLKMPYQ,3.32,,,0.001,,
"Preliminary scouting (3 conc, 4 measurements)",P7,VDYNPWLLFLAQPWQ,NA,,,NA,,
"Second measurement (best hits, 4 conc, 1 measurement)",P8,VDFNPWLLFLKLPAQ,1.64,0.02,72190,0.00011,6300,0.005
"Second measurement (best hits, 4 conc, 1 measurement)",P10,IDYNPYLLFLKQPKQ,,0.03,59300,,,0.022
"Second measurement (best hits, 4 conc, 1 measurement)",P22,MDFNPWLLFLKVPAQ,1.44,0.03,72820,0.0001,6900,0.011
"Second measurement (best hits, 4 conc, 1 measurement)",P23,VDFNPWLLFLKVPAQ,0.35,0.03,73270,0.00003,23100,0.01
"Second measurement (best hits, 4 conc, 1 measurement)",P24,VDYNPWLLFLRKPKQ,0.65,0.02,69150,0.00005,13860,0.017
"Second measurement (best hits, 4 conc, 1 measurement)",WT,MDVNPTLLFLKLPAQ,24.64,0.2,278.6,0.001,540,0.006
"Final side-by-side (phage display comparison, 5 conc, 1 measurement)",WT,MDVNPTLLFLKVPAQ,33.8,0.2,51370,0.002,346,0.00006
"Final side-by-side (phage display comparison, 5 conc, 1 measurement)",P3,LDFNPWLLFLKLPAQ,3.9,0.01,68190,0.0002,3465,0.00006
"Final side-by-side (phage display comparison, 5 conc, 1 measurement)",P4,WDMNPWLLFLKLPRQ,9.1,0.03,68510,0.0006,1155,0.00011
"Final side-by-side (phage display comparison, 5 conc, 1 measurement)",P10,IDYNPYLLFLKQPKQ,3.4,0.03,28840,0.0001,6931,0.00012
"Final side-by-side (phage display comparison, 5 conc, 1 measurement)",P24,VDYNPWLLFLRKPKQ,3.8,0.02,44740,0.0002,3465,0.00003
"Final MPNN vs phage display (5 conc, 1 measurement)",MPNN_03,MDWNPLLLHLKRPAQ,2.07,0.09,51790,0.0001,,0.00012
"Final MPNN vs phage display (5 conc, 1 measurement)",MPNN_06,MTVKPLLLYLKRPLQ,NA,0.1,120900,NA,,0.0002
"Final MPNN vs phage display (5 conc, 1 measurement)",MPNN_07,MTWKPLLLYLKRPLL,NA,0.03,108000,NA,,0.00007
"Final MPNN vs phage display (5 conc, 1 measurement)",MPNN_08,IDFNPYLLFLKVPAQ,0.27,0.02,71950,0.00019,,0.00012
"Final MPNN vs phage display (5 conc, 1 measurement)",P10,IDYNPYLLFLKQPKQ,0.59,0.02,62510,0.00004,,0.00007
"Final MPNN vs phage display (5 conc, 1 measurement)",P24,VDYNPWLLFLRKPKQ,0.45,0.01,91370,0.00004,,0.00006
"Final MPNN vs phage display (5 conc, 1 measurement)",WT,MDVNPTLLFLKLPAQ,13.56,0.1,61010,0.0008,,0.00003
